{
    "foodname":"Buttered Egg Noodles",
    "price":"70",
    "stockCount":"In Stock",
    "category":"non vegetarian",
    "cuisine":"Northern India, ",
    "description":"Egg Noodles is a delicious any time fast food that is made by tossing cooked noodles with eggs, sauces & spices.",
    "offer":12,
    "url":"Egg noodles are basically confined to the broad, flat, thicker-textured classic noodle shape, though they come in fine, broad, wide, and extra wide versions. A big exception to this egg noodle shape rule, of course, are the range of Chinese noodles like chow mein and lo mein which are also technically egg noodles."}


    {
        "foodname":"Spicy Nasi Goreng Noodles",
        "price":"100",
        "stockCount":"In Stock",
        "category":"non vegetarian",
        "cuisine":"Northern India, ",
        "description":"Spicy Nasi Goreng Noodles is delicious noodle of Spicy content liked by kids",
        "offer":12,
        "url":"https://immieats.com/wp-content/uploads/2021/11/nasi-goreng-spicy-noodles-2.jpg"}



        {
            "foodname":"Hyderabadi dum biriyani",
            "price":"120",
            "stockCount":"In Stock",
            "category":"non vegetarian",
            "cuisine":"Southern India, ",
            "description":"he authentic Hyderabadi biryani is meticulously prepared in the 'Kutchi' (raw) biryani style, in which raw rice and raw meat are cooked together in a 'handi' (earthen pot) with spices and a little bit of water",
            "offer":10,
            "url":"https://www.onmanorama.com/content/dam/mm/en/food/in-season/Ramzan/Images/hyderabadi-dum-biryani.jpg.transform/onm-articleimage/image.jpg"}



            {
                "foodname":"biriyani",
                "price":"180",
                "stockCount":"In Stock",
                "category":"non vegetarian",
                "cuisine":"Southern India, ",
                "description":"Biryani is the quintessential celebratory dish in India and an aromatic delicacy that dazzles as a sublime one-dish meal, Biryani is an Indo-Aryan word derived from the Persian language. It originated from birinj, the Persian word for rice.",
                "offer":20,
                "url":"https://res.cloudinary.com/swiggy/image/upload/f_auto,q_auto,fl_lossy/nxmlubuz0b1qixa29gov"}



                {
                    "foodname":"Fisesta Mutton Biriyani",
                    "price":"160",
                    "stockCount":"In Stock",
                    "category":"non vegetarian",
                    "cuisine":"Southern India, ",
                    "description":"Biryani is the quintessential celebratory dish in India and an aromatic delicacy that dazzles as a sublime one-dish meal, Biryani is an Indo-Aryan word derived from the Persian language. It originated from birinj, the Persian word for rice.",
                    "offer":20,
                    "url":"https://fiestabiryani.com/uploads/8c549d78da49579e792c4de08d834f7d.png"}


                    {
                        "foodname":"Dosa",
                        "price":"70",
                        "stockCount":"In Stock",
                        "category":"vegetarian",
                        "cuisine":"Southern India, ",
                        "description":"A dosa is a thin batter-based pancake originating from South India, made from a fermented batter predominantly consisting of lentils and rice",
                        "offer":20,
                        "url":"https://img.traveltriangle.com/blog/wp-content/uploads/2020/03/R.H.R-Pure-Veg-Restaurant_13th-mar-400x229.jpg"}
        
                        {
                            "foodname":"Haribhavanam",
                            "price":"130",
                            "stockCount":"In Stock",
                            "category":"non vegetarian",
                            "cuisine":"Indian",
                            "description":"Haribhavanam famous biriyani",
                            "offer":20,
                            "url":"https://img.traveltriangle.com/blog/wp-content/uploads/2020/03/Haribhavanam_13th-mar-400x229.jpg"}


                            {
                                "foodname":"Idiyappam",
                                "price":"100",
                                "stockCount":"Out Of Stock",
                                "category":"vegetarian",
                                "cuisine":"Indian",
                                "description":"Idiyappam",
                                "offer":20,
                                "url":"https://www.shreeanandhaas.com/images/special-menu/2-in-1-Idiyappam.jpg"}


                                {
                                    "foodname":"aloo dosa",
                                    "price":"100",
                                    "stockCount":"In Stock",
                                    "category":"vegetarian",
                                    "cuisine":"Indian",
                                    "description":"aloo dosa recipe | potato dosa recipe | crisp dosa with aloo puree in a detailed photo and video recipe. one of the simple and easy crispy dosa recipes made with potato puree in rice flour and semolina batter",
                                    "offer":10,
                                    "url":"https://media-cdn.tripadvisor.com/media/photo-s/0f/c1/6d/c9/the-swad-pure-veg-restaurant.jpg"}


{
"foodname":"dosa",
"price":"100",
"stockCount":"In Stock",
"category":"vegetarian",
"cuisine":"Indian",
"description":"crisp dosa with aloo puree in a detailed photo and video recipe. one of the simple and easy crispy dosa recipes made with potato puree in rice flour and semolina batter",
"offer":10,
"url":"https://www.holidify.com/blog/wp-content/uploads/2015/07/13649638323_5234041f89_o.jpg"}

{
    "foodname":"Kake Di Hatti",
    "price":"100",
    "stockCount":"In Stock",
    "category":"vegetarian",
    "cuisine":"Delhi",
    "description":"The delicious delicacies of Old Delhi have always been a foodie’s delight! From traditional Punjabi cuisine to Kulfis and Faloodas, from hundreds of varieties of Paranthas to Chhole Bhatures and kulchas, Old Delhi is a throbbing centre for food lovers.",
    "offer":8,
    "url":"https://www.holidify.com/images/cmsuploads/compressed/non_20190221162122.jpg"}

    {
        "foodname":" Bengali Sweet House",
        "price":"150",
        "stockCount":"In Stock",
        "category":"vegetarian",
        "cuisine":"Bengali",
        "description":"One of the most preferred food-joints of Delhi University’s North Campus, Chache Di Hatti is known for their delicious and equally filling Chhole Bhatures. ",
        "offer":15,
        "url":"https://www.holidify.com/images/cmsuploads/compressed/3386314874_b2d7b4d239_o_20190221165531.jpg"}

        {
            "foodname":" Idli",
            "price":"80",
            "stockCount":"In Stock",
            "category":"vegetarian",
            "cuisine":"Southern Indian",
            "description":"Idli is one of the most popular and healthiest breakfast. Soft and spongy idlis are everyone’s favorite and is a great source of proteins and vitamins",
            "offer":15,
            "url":"https://www.indianhealthyrecipes.com/wp-content/uploads/2022/04/idli-recipe-500x375.jpg"}



            {
                "foodname":"Pepper streak",
                "price":"80",
                "stockCount":"In Stock",
                "category":"vegetarian",
                "cuisine":"Southern Indian",
                "description":"Pepper streakis one of the most popular.. Soft and spicy are everyone’s favorite and is a great source of proteins and vitamins",
                "offer":15,
                "url":"https://img.sndimg.com/food/image/upload/f_auto,c_thumb,q_73,ar_16:9,w_1024/v1/img/recipes/12/03/0/FOfDQtsPSESM8I0jAEob_peppersteak.jpg"}

                {
                    "foodname":"Grilled chicken",
                    "price":"200",
                    "stockCount":"In Stock",
                    "category":"non vegetarian",
                    "cuisine":"Indian",
                    "description":"Made this tonight and it was absolutely great. The glaze would be good on any food for grilling. I can't wait to try this chicken tomorrow on my salad.",
                    "offer":17,
                    "url":"https://img.sndimg.com/food/image/upload/f_auto,c_thumb,q_73,ar_16:9,w_1024/v1/img/recipes/14/00/47/1IBajxXxTI6YYoukrPtq_0S9A5397.jpg"}



                    {
                        "foodname":"Chicken Leg Grilled",
                        "price":"200",
                        "stockCount":"In Stock",
                        "category":"non vegetarian",
                        "cuisine":"Indian",
                        "description":"Wonderful, wonderful, wonderful. This is a great jerk recipe. So much flavor; it's spicy, hot and delicious. .",
                        "offer":15,
                        "url":"https://img.sndimg.com/food/image/upload/f_auto,c_thumb,q_73,ar_16:9,w_1024/v1/img/recipes/97/34/0/yo7SoOpQbklzHcPiGgvf_0S9A1025.jpg"}


                        